Workbook
Name SeparacionA: 'Pronósticos'!$A$18:$V$18
Name MAULAS: 'Pronósticos'!$B$1:$V$1
Name SeparacionPleno: 'Pronósticos'!$A$16:$S$16
Name Partidos: 'Pronósticos'!$A$1:$A$20
Name RESULTADOSYUNOS: 'Pronósticos'!$B$19:$V$20

Sheet Pronósticos
A1: =NOW() -> 45998.902 | B1: Alvaro | C1: Carlos | D1: David Buzón | E1: Edu | F1: Emilio | G1: Fernando Lozano | H1: Fernando Ramírez | I1: Heradio | J1: JA Valdivieso | K1: Javier Mora | L1: Juan Antonio | M1: Juanjo | N1: Luismi | O1: Marcelo | P1: Martín | Q1: Rafa | R1: Ramon | S1: Raúl Romera | T1: Samuel | U1: DD 1 | V1: DD 2 | W1: DD 3 | X1: DD 4 | Y1: DD 5 | Z1: DD 6
A2: =Partidos!A2&"-"&Partidos!B2&LEFT("...............",25-LEN(Partidos!A2&"-"&Partidos!B2))&(ROW()-1) -> Alavés-Sevilla...........1 | B2: 2 | C2: 2 | D2: X | E2: X | F2: 2 | G2: 1 | H2: 1 | I2: 1 | J2: 2 | K2: 2 | L2: 2 | M2: 1 | N2: 1 | O2: 2 | P2: 2 | Q2: 2 | R2: X | S2: X | T2: X | U2: 2 | V2: X | W2: X | X2: 2
A3: =Partidos!A3&"-"&Partidos!B3&LEFT("...............",25-LEN(Partidos!A3&"-"&Partidos!B3))&(ROW()-1) -> Barcelona-Getafe.........2 | B3: 1 | C3: 1 | D3: 1 | E3: 1 | F3: 1 | G3: 1 | H3: 1 | I3: 2 | J3: 1 | K3: 1 | L3: 1 | M3: X | N3: 1 | O3: 1 | P3: 1 | Q3: 1 | R3: 1 | S3: 1 | T3: 1 | U3: 1 | W3: 1
A4: =Partidos!A4&"-"&Partidos!B4&LEFT("...............",25-LEN(Partidos!A4&"-"&Partidos!B4))&(ROW()-1) -> Betis-Real Sociedad......3 | B4: 1 | C4: 1 | D4: 1 | E4: 1 | F4: 1 | G4: 1 | H4: X | I4: X | J4: 2 | K4: 1 | L4: 1 | M4: 1 | N4: 2 | O4: X | P4: 1 | Q4: 1 | R4: 1 | S4: 1 | T4: 1 | U4: 1 | W4: 1
A5: =Partidos!A5&"-"&Partidos!B5&LEFT("...............",25-LEN(Partidos!A5&"-"&Partidos!B5))&(ROW()-1) -> Elche-Oviedo.............4 | B5: 1 | C5: 1 | D5: 1 | E5: 1 | F5: 1 | G5: 1 | H5: X | I5: 1 | J5: 1 | K5: X | L5: 1 | M5: 1 | N5: 1 | O5: 2 | P5: 1 | Q5: X | R5: 1 | S5: X | T5: 1 | U5: 1 | V5: X | W5: 1 | X5: X
A6: =Partidos!A6&"-"&Partidos!B6&LEFT("...............",25-LEN(Partidos!A6&"-"&Partidos!B6))&(ROW()-1) -> Girona-Levante...........5 | B6: 1 | C6: 2 | D6: X | E6: 1 | F6: 1 | G6: X | H6: X | I6: X | J6: X | K6: 2 | L6: 2 | M6: 2 | N6: X | O6: 1 | P6: 1 | Q6: X | R6: 1 | S6: 1 | T6: 2 | U6: 2 | V6: 1 | W6: 1 | X6: X
A7: =Partidos!A7&"-"&Partidos!B7&LEFT("...............",25-LEN(Partidos!A7&"-"&Partidos!B7))&(ROW()-1) -> Mallorca-At.Madrid.......6 | B7: 2 | C7: 2 | D7: 2 | E7: 2 | F7: 2 | G7: 2 | H7: 1 | I7: 2 | J7: 2 | K7: 1 | L7: 2 | M7: 2 | N7: 2 | O7: 2 | P7: 2 | Q7: 2 | R7: 2 | S7: 1 | T7: 2 | U7: 2 | V7: X | W7: X | X7: 2
A8: =Partidos!A8&"-"&Partidos!B8&LEFT("...............",25-LEN(Partidos!A8&"-"&Partidos!B8))&(ROW()-1) -> Rayo Vallecano-Celta.....7 | B8: 1 | C8: 1 | D8: 1 | E8: 1 | F8: 1 | G8: 1 | H8: 1 | I8: 1 | J8: 1 | K8: 1 | L8: 1 | M8: 1 | N8: 1 | O8: 1 | P8: 2 | Q8: 1 | R8: 1 | S8: 1 | T8: 1 | U8: 1 | V8: X | W8: 1 | X8: X
A9: =Partidos!A9&"-"&Partidos!B9&LEFT("...............",25-LEN(Partidos!A9&"-"&Partidos!B9))&(ROW()-1) -> R.Madrid-Espanyol........8 | B9: 1 | C9: 1 | D9: 1 | E9: 1 | F9: 1 | G9: 1 | H9: 1 | I9: X | J9: 1 | K9: 1 | L9: 1 | M9: 1 | N9: 1 | O9: 1 | P9: 1 | Q9: 1 | R9: 1 | S9: 1 | T9: 1 | U9: 1 | W9: 1
A10: =Partidos!A10&"-"&Partidos!B10&LEFT("...............",25-LEN(Partidos!A10&"-"&Partidos!B10))&(ROW()-1) -> Villarreal-Osasuna.......9 | B10: 1 | C10: 1 | D10: 1 | E10: 1 | F10: 1 | G10: X | H10: 1 | I10: 1 | J10: 1 | K10: 1 | L10: 1 | M10: 1 | N10: 1 | O10: 1 | P10: 1 | Q10: 1 | R10: 1 | S10: 1 | T10: 1 | U10: 1 | W10: 1
A11: =Partidos!A11&"-"&Partidos!B11&LEFT("...............",25-LEN(Partidos!A11&"-"&Partidos!B11))&(ROW()-1) -> Albacete-Valladolid......10 | B11: 2 | C11: X | D11: 2 | E11: 2 | F11: 2 | G11: 2 | H11: 2 | I11: 2 | J11: X | K11: X | L11: X | M11: X | N11: 2 | O11: X | P11: X | Q11: X | R11: 2 | S11: 2 | T11: X | U11: X | W11: 2
A12: =Partidos!A12&"-"&Partidos!B12&LEFT("...............",25-LEN(Partidos!A12&"-"&Partidos!B12))&(ROW()-1) -> Córdoba-Racing...........11 | B12: X | C12: 2 | D12: 2 | E12: 2 | F12: 2 | G12: 2 | H12: 2 | I12: X | J12: 2 | K12: X | L12: 2 | M12: X | N12: 1 | O12: 1 | P12: 1 | Q12: X | R12: 2 | S12: 2 | T12: 2 | U12: 2 | V12: X | W12: X | X12: 2
A13: =Partidos!A13&"-"&Partidos!B13&LEFT("...............",25-LEN(Partidos!A13&"-"&Partidos!B13))&(ROW()-1) -> Deportivo-Huesca.........12 | B13: 1 | C13: 1 | D13: 1 | E13: 1 | F13: 1 | G13: 1 | H13: 1 | I13: 1 | J13: 1 | K13: 2 | L13: 1 | M13: 1 | N13: 1 | O13: 1 | P13: 1 | Q13: 1 | R13: X | S13: 1 | T13: 1 | U13: 1 | W13: 1
A14: =Partidos!A14&"-"&Partidos!B14&LEFT("...............",25-LEN(Partidos!A14&"-"&Partidos!B14))&(ROW()-1) -> Almería-Sporting.........13 | B14: 2 | C14: 1 | D14: 1 | E14: 1 | F14: 1 | G14: 2 | H14: 1 | I14: 1 | J14: 1 | K14: 1 | L14: X | M14: X | N14: x | O14: 2 | P14: X | Q14: 2 | R14: X | S14: X | T14: 1 | U14: 1 | W14: 1
A15: =Partidos!A15&"-"&Partidos!B15&LEFT("...................",25-LEN(Partidos!A15&"-"&Partidos!B15))&(ROW()-1) -> Málaga-Cádiz.............14 | B15: X | C15: 2 | D15: 2 | E15: X | F15: X | G15: 2 | H15: 2 | I15: 1 | J15: X | K15: X | L15: 2 | M15: 1 | N15: 1 | O15: 1 | P15: 1 | Q15: 1 | R15: X | S15: X | T15: 2 | U15: 2 | V15: X | W15: X | X15: 2
A17: =Partidos!A16&"-"&Partidos!B16&LEFT("...............",25-LEN(Partidos!A16&"-"&Partidos!B16))&(ROW()-2) -> Valencia-Athletic Club...15 | U17: 2 | V17: 1
A19: Resultados | B19: =SUM(B23:B38) -> 8 | C19: =SUM(C23:C38) -> 10 | D19: =SUM(D23:D38) -> 8 | E19: =SUM(E23:E38) -> 7 | F19: =SUM(F23:F38) -> 8 | G19: =SUM(G23:G38) -> 6 | H19: =SUM(H23:H38) -> 6 | I19: =SUM(I23:I38) -> 5 | ... T19: =SUM(T23:T38) -> 9 | U19: =SUM(U23:V38) -> 13 | W19: =SUM(W23:X38) -> 12 | Y19: =SUM(Y23:Z38) -> 0
A20: Nº de unos | B20: =IF(COUNTIF(B2:B15,1)=10,"+0,10",IF(COUNTIF(B2:B15,1)=11,"+0,20",IF(COUNTIF(B2:B15,1)=12,"+0,30",IF(COUNTIF(B2:B15,1)=13,"+0,40",IF(COUNTIF(B2:B15,1)=14,"+0,50",COUNTIF(B2:B15,1)))))) -> 8 | C20: =IF(COUNTIF(C2:C15,1)=10,"+0,10",IF(COUNTIF(C2:C15,1)=11,"+0,20",IF(COUNTIF(C2:C15,1)=12,"+0,30",IF(COUNTIF(C2:C15,1)=13,"+0,40",IF(COUNTIF(C2:C15,1)=14,"+0,50",COUNTIF(C2:C15,1)))))) -> 8 | D20: =IF(COUNTIF(D2:D15,1)=10,"+0,10",IF(COUNTIF(D2:D15,1)=11,"+0,20",IF(COUNTIF(D2:D15,1)=12,"+0,30",IF(COUNTIF(D2:D15,1)=13,"+0,40",IF(COUNTIF(D2:D15,1)=14,"+0,50",COUNTIF(D2:D15,1)))))) -> 8 | E20: =IF(COUNTIF(E2:E15,1)=10,"+0,10",IF(COUNTIF(E2:E15,1)=11,"+0,20",IF(COUNTIF(E2:E15,1)=12,"+0,30",IF(COUNTIF(E2:E15,1)=13,"+0,40",IF(COUNTIF(E2:E15,1)=14,"+0,50",COUNTIF(E2:E15,1)))))) -> 9 | F20: =IF(COUNTIF(F2:F15,1)=10,"+0,10",IF(COUNTIF(F2:F15,1)=11,"+0,20",IF(COUNTIF(F2:F15,1)=12,"+0,30",IF(COUNTIF(F2:F15,1)=13,"+0,40",IF(COUNTIF(F2:F15,1)=14,"+0,50",COUNTIF(F2:F15,1)))))) -> 9 | G20: =IF(COUNTIF(G2:G15,1)=10,"+0,10",IF(COUNTIF(G2:G15,1)=11,"+0,20",IF(COUNTIF(G2:G15,1)=12,"+0,30",IF(COUNTIF(G2:G15,1)=13,"+0,40",IF(COUNTIF(G2:G15,1)=14,"+0,50",COUNTIF(G2:G15,1)))))) -> 7 | H20: =IF(COUNTIF(H2:H15,1)=10,"+0,10",IF(COUNTIF(H2:H15,1)=11,"+0,20",IF(COUNTIF(H2:H15,1)=12,"+0,30",IF(COUNTIF(H2:H15,1)=13,"+0,40",IF(COUNTIF(H2:H15,1)=14,"+0,50",COUNTIF(H2:H15,1)))))) -> 8 | I20: =IF(COUNTIF(I2:I15,1)=10,"+0,10",IF(COUNTIF(I2:I15,1)=11,"+0,20",IF(COUNTIF(I2:I15,1)=12,"+0,30",IF(COUNTIF(I2:I15,1)=13,"+0,40",IF(COUNTIF(I2:I15,1)=14,"+0,50",COUNTIF(I2:I15,1)))))) -> 7 | ... Q20: =IF(COUNTIF(Q2:Q15,1)=10,"+0,10",IF(COUNTIF(Q2:Q15,1)=11,"+0,20",IF(COUNTIF(Q2:Q15,1)=12,"+0,30",IF(COUNTIF(Q2:Q15,1)=13,"+0,40",IF(COUNTIF(Q2:Q15,1)=14,"+0,50",COUNTIF(Q2:Q15,1)))))) -> 7 | R20: =IF(COUNTIF(R1:R15,1)=10,"+0,10",IF(COUNTIF(R1:R15,1)=11,"+0,20",IF(COUNTIF(R1:R15,1)=12,"+0,30",IF(COUNTIF(R1:R15,1)=13,"+0,40",IF(COUNTIF(R1:R15,1)=14,"+0,50",COUNTIF(R1:R15,1)))))) -> 7 | S20: =IF(COUNTIF(S2:S15,1)=10,"+0,10",IF(COUNTIF(S2:S15,1)=11,"+0,20",IF(COUNTIF(S2:S15,1)=12,"+0,30",IF(COUNTIF(S2:S15,1)=13,"+0,40",IF(COUNTIF(S2:S15,1)=14,"+0,50",COUNTIF(S2:S15,1)))))) -> 8 | T20: =IF(COUNTIF(T2:T15,1)=10,"+0,10",IF(COUNTIF(T2:T15,1)=11,"+0,20",IF(COUNTIF(T2:T15,1)=12,"+0,30",IF(COUNTIF(T2:T15,1)=13,"+0,40",IF(COUNTIF(T2:T15,1)=14,"+0,50",COUNTIF(T2:T15,1)))))) -> 8
B23: =if(B2="","",if(B2=Partidos!$C2,1,0)) -> 1 | C23: =if(C2="","",if(C2=Partidos!$C2,1,0)) -> 1 | D23: =if(D2="","",if(D2=Partidos!$C2,1,0)) -> 0 | E23: =if(E2="","",if(E2=Partidos!$C2,1,0)) -> 0 | F23: =if(F2="","",if(F2=Partidos!$C2,1,0)) -> 1 | G23: =if(G2="","",if(G2=Partidos!$C2,1,0)) -> 0 | H23: =if(H2="","",if(H2=Partidos!$C2,1,0)) -> 0 | I23: =if(I2="","",if(I2=Partidos!$C2,1,0)) -> 0 | ... Z23: =if(Z2="","",if(Z2=Partidos!$C2,1,0))
B24: =if(B3="","",if(B3=Partidos!$C3,1,0)) -> 1 | C24: =if(C3="","",if(C3=Partidos!$C3,1,0)) -> 1 | D24: =if(D3="","",if(D3=Partidos!$C3,1,0)) -> 1 | E24: =if(E3="","",if(E3=Partidos!$C3,1,0)) -> 1 | F24: =if(F3="","",if(F3=Partidos!$C3,1,0)) -> 1 | G24: =if(G3="","",if(G3=Partidos!$C3,1,0)) -> 1 | H24: =if(H3="","",if(H3=Partidos!$C3,1,0)) -> 1 | I24: =if(I3="","",if(I3=Partidos!$C3,1,0)) -> 0 | ... Z24: =if(Z3="","",if(Z3=Partidos!$C3,1,0))
B25: =if(B4="","",if(B4=Partidos!$C4,1,0)) -> 1 | C25: =if(C4="","",if(C4=Partidos!$C4,1,0)) -> 1 | D25: =if(D4="","",if(D4=Partidos!$C4,1,0)) -> 1 | E25: =if(E4="","",if(E4=Partidos!$C4,1,0)) -> 1 | F25: =if(F4="","",if(F4=Partidos!$C4,1,0)) -> 1 | G25: =if(G4="","",if(G4=Partidos!$C4,1,0)) -> 1 | H25: =if(H4="","",if(H4=Partidos!$C4,1,0)) -> 0 | I25: =if(I4="","",if(I4=Partidos!$C4,1,0)) -> 0 | ... Z25: =if(Z4="","",if(Z4=Partidos!$C4,1,0))
B26: =if(B5="","",if(B5=Partidos!$C5,1,0)) -> 1 | C26: =if(C5="","",if(C5=Partidos!$C5,1,0)) -> 1 | D26: =if(D5="","",if(D5=Partidos!$C5,1,0)) -> 1 | E26: =if(E5="","",if(E5=Partidos!$C5,1,0)) -> 1 | F26: =if(F5="","",if(F5=Partidos!$C5,1,0)) -> 1 | G26: =if(G5="","",if(G5=Partidos!$C5,1,0)) -> 1 | H26: =if(H5="","",if(H5=Partidos!$C5,1,0)) -> 0 | I26: =if(I5="","",if(I5=Partidos!$C5,1,0)) -> 1 | ... Z26: =if(Z5="","",if(Z5=Partidos!$C5,1,0))
B27: =if(B6="","",if(B6=Partidos!$C6,1,0)) -> 0 | C27: =if(C6="","",if(C6=Partidos!$C6,1,0)) -> 1 | D27: =if(D6="","",if(D6=Partidos!$C6,1,0)) -> 0 | E27: =if(E6="","",if(E6=Partidos!$C6,1,0)) -> 0 | F27: =if(F6="","",if(F6=Partidos!$C6,1,0)) -> 0 | G27: =if(G6="","",if(G6=Partidos!$C6,1,0)) -> 0 | H27: =if(H6="","",if(H6=Partidos!$C6,1,0)) -> 0 | I27: =if(I6="","",if(I6=Partidos!$C6,1,0)) -> 0 | ... Z27: =if(Z6="","",if(Z6=Partidos!$C6,1,0))
B28: =if(B7="","",if(B7=Partidos!$C7,1,0)) -> 0 | C28: =if(C7="","",if(C7=Partidos!$C7,1,0)) -> 0 | D28: =if(D7="","",if(D7=Partidos!$C7,1,0)) -> 0 | E28: =if(E7="","",if(E7=Partidos!$C7,1,0)) -> 0 | F28: =if(F7="","",if(F7=Partidos!$C7,1,0)) -> 0 | G28: =if(G7="","",if(G7=Partidos!$C7,1,0)) -> 0 | H28: =if(H7="","",if(H7=Partidos!$C7,1,0)) -> 0 | I28: =if(I7="","",if(I7=Partidos!$C7,1,0)) -> 0 | ... Z28: =if(Z7="","",if(Z7=Partidos!$C7,1,0))
B29: =if(B8="","",if(B8=Partidos!$C8,1,0)) -> 0 | C29: =if(C8="","",if(C8=Partidos!$C8,1,0)) -> 0 | D29: =if(D8="","",if(D8=Partidos!$C8,1,0)) -> 0 | E29: =if(E8="","",if(E8=Partidos!$C8,1,0)) -> 0 | F29: =if(F8="","",if(F8=Partidos!$C8,1,0)) -> 0 | G29: =if(G8="","",if(G8=Partidos!$C8,1,0)) -> 0 | H29: =if(H8="","",if(H8=Partidos!$C8,1,0)) -> 0 | I29: =if(I8="","",if(I8=Partidos!$C8,1,0)) -> 0 | ... Z29: =if(Z8="","",if(Z8=Partidos!$C8,1,0))
B30: =if(B9="","",if(B9=Partidos!$C9,1,0)) -> 1 | C30: =if(C9="","",if(C9=Partidos!$C9,1,0)) -> 1 | D30: =if(D9="","",if(D9=Partidos!$C9,1,0)) -> 1 | E30: =if(E9="","",if(E9=Partidos!$C9,1,0)) -> 1 | F30: =if(F9="","",if(F9=Partidos!$C9,1,0)) -> 1 | G30: =if(G9="","",if(G9=Partidos!$C9,1,0)) -> 1 | H30: =if(H9="","",if(H9=Partidos!$C9,1,0)) -> 1 | I30: =if(I9="","",if(I9=Partidos!$C9,1,0)) -> 0 | ... Z30: =if(Z9="","",if(Z9=Partidos!$C9,1,0))
B31: =if(B10="","",if(B10=Partidos!$C10,1,0)) -> 1 | C31: =if(C10="","",if(C10=Partidos!$C10,1,0)) -> 1 | D31: =if(D10="","",if(D10=Partidos!$C10,1,0)) -> 1 | E31: =if(E10="","",if(E10=Partidos!$C10,1,0)) -> 1 | F31: =if(F10="","",if(F10=Partidos!$C10,1,0)) -> 1 | G31: =if(G10="","",if(G10=Partidos!$C10,1,0)) -> 0 | H31: =if(H10="","",if(H10=Partidos!$C10,1,0)) -> 1 | I31: =if(I10="","",if(I10=Partidos!$C10,1,0)) -> 1 | ... Z31: =if(Z10="","",if(Z10=Partidos!$C10,1,0))
B32: =if(B11="","",if(B11=Partidos!$C11,1,0)) -> 0 | C32: =if(C11="","",if(C11=Partidos!$C11,1,0)) -> 0 | D32: =if(D11="","",if(D11=Partidos!$C11,1,0)) -> 0 | E32: =if(E11="","",if(E11=Partidos!$C11,1,0)) -> 0 | F32: =if(F11="","",if(F11=Partidos!$C11,1,0)) -> 0 | G32: =if(G11="","",if(G11=Partidos!$C11,1,0)) -> 0 | H32: =if(H11="","",if(H11=Partidos!$C11,1,0)) -> 0 | I32: =if(I11="","",if(I11=Partidos!$C11,1,0)) -> 0 | ... Z32: =if(Z11="","",if(Z11=Partidos!$C11,1,0))
B33: =if(B12="","",if(B12=Partidos!$C12,1,0)) -> 1 | C33: =if(C12="","",if(C12=Partidos!$C12,1,0)) -> 0 | D33: =if(D12="","",if(D12=Partidos!$C12,1,0)) -> 0 | E33: =if(E12="","",if(E12=Partidos!$C12,1,0)) -> 0 | F33: =if(F12="","",if(F12=Partidos!$C12,1,0)) -> 0 | G33: =if(G12="","",if(G12=Partidos!$C12,1,0)) -> 0 | H33: =if(H12="","",if(H12=Partidos!$C12,1,0)) -> 0 | I33: =if(I12="","",if(I12=Partidos!$C12,1,0)) -> 1 | ... Z33: =if(Z12="","",if(Z12=Partidos!$C12,1,0))
B34: =if(B13="","",if(B13=Partidos!$C13,1,0)) -> 1 | C34: =if(C13="","",if(C13=Partidos!$C13,1,0)) -> 1 | D34: =if(D13="","",if(D13=Partidos!$C13,1,0)) -> 1 | E34: =if(E13="","",if(E13=Partidos!$C13,1,0)) -> 1 | F34: =if(F13="","",if(F13=Partidos!$C13,1,0)) -> 1 | G34: =if(G13="","",if(G13=Partidos!$C13,1,0)) -> 1 | H34: =if(H13="","",if(H13=Partidos!$C13,1,0)) -> 1 | I34: =if(I13="","",if(I13=Partidos!$C13,1,0)) -> 1 | ... Z34: =if(Z13="","",if(Z13=Partidos!$C13,1,0))
... B36: =if(B15="","",if(B15=Partidos!$C15,1,0)) -> 0 | C36: =if(C15="","",if(C15=Partidos!$C15,1,0)) -> 1 | D36: =if(D15="","",if(D15=Partidos!$C15,1,0)) -> 1 | E36: =if(E15="","",if(E15=Partidos!$C15,1,0)) -> 0 | F36: =if(F15="","",if(F15=Partidos!$C15,1,0)) -> 0 | G36: =if(G15="","",if(G15=Partidos!$C15,1,0)) -> 1 | H36: =if(H15="","",if(H15=Partidos!$C15,1,0)) -> 1 | I36: =if(I15="","",if(I15=Partidos!$C15,1,0)) -> 0 | ... Z36: =if(Z15="","",if(Z15=Partidos!$C15,1,0))

Sheet Partidos
A1: EQUIPO 1 | B1: EQUIPO 2 | C1: RESULTADO
A2: Alavés | B2: Sevilla | C2: 2
A3: Barcelona | B3: Getafe | C3: 1
A4: Betis | B4: Real Sociedad | C4: 1
A5: Elche | B5: Oviedo | C5: 1
A6: Girona | B6: Levante | C6: 2
A7: Mallorca | B7: At.Madrid | C7: X
A8: Rayo Vallecano | B8: Celta | C8: X
A9: R.Madrid | B9: Espanyol | C9: 1
A10: Villarreal | B10: Osasuna | C10: 1
A11: Albacete | B11: Valladolid | C11: 1
A12: Córdoba | B12: Racing | C12: X
A13: Deportivo | B13: Huesca | C13: 1
A14: Almería | B14: Sporting | C14: 1
A15: Málaga | B15: Cádiz | C15: 2
A16: Valencia | B16: Athletic Club
