Workbook
Name MAULAS: Pronósticos!$B$1:$V$1
Name Partidos: Pronósticos!$A$1:$A$20
Name RESULTADOSYUNOS: Pronósticos!$B$19:$V$20
Name SeparacionA: Pronósticos!$A$18:$V$18
Name SeparacionPleno: Pronósticos!$A$16:$S$16

Sheet Pronósticos
A1: =NOW() -> 45998.91 | B1: Alvaro | C1: Carlos | D1: David Buzón | E1: Edu | F1: Emilio | G1: Fernando Lozano | H1: Fernando Ramírez | I1: Heradio | J1: JA Valdivieso | K1: Javier Mora | L1: Juan Antonio | M1: Juanjo | N1: Luismi | O1: Marcelo | P1: Martín | Q1: Rafa | R1: Ramon | S1: Raúl Romera | T1: Samuel | U1: DD 1 | V1: DD 2 | W1: DD 3 | X1: DD 4 | Y1: DD 5 | Z1: DD 6
A2: =Partidos!A2&"-"&Partidos!B2&LEFT("...............",25-LEN(Partidos!A2&"-"&Partidos!B2))&(ROW()-1) -> Girona-R.Vallecano.......1 | B2: 2 | C2: 1 | D2: 1 | E2: 1 | F2: 2 | G2: 1 | H2: 2 | I2: 1 | J2: 1 | K2: 1 | L2: 1 | M2: 2 | N2: 1 | O2: 1 | P2: 1 | Q2: X | R2: X | S2: 1 | T2: 1 | U2: 1 | V2: X
A3: =Partidos!A3&"-"&Partidos!B3&LEFT("...............",25-LEN(Partidos!A3&"-"&Partidos!B3))&(ROW()-1) -> Villarreal-Oviedo........2 | B3: 1 | C3: 1 | D3: 1 | E3: 1 | F3: 1 | G3: 1 | H3: 1 | I3: 1 | J3: 1 | K3: X | L3: 1 | M3: X | N3: 1 | O3: 1 | P3: 1 | Q3: 1 | R3: 1 | S3: 1 | T3: 1 | U3: 1
A4: =Partidos!A4&"-"&Partidos!B4&LEFT("...............",25-LEN(Partidos!A4&"-"&Partidos!B4))&(ROW()-1) -> Alavés-Levante...........3 | B4: X | C4: 1 | D4: X | E4: X | F4: 1 | G4: X | H4: 1 | I4: 1 | J4: X | K4: 2 | L4: X | M4: 1 | N4: X | O4: X | P4: 2 | Q4: 1 | R4: 1 | S4: X | T4: X | U4: 1 | V4: X
A5: =Partidos!A5&"-"&Partidos!B5&LEFT("...............",25-LEN(Partidos!A5&"-"&Partidos!B5))&(ROW()-1) -> Mallorca-Barcelona.......4 | B5: 2 | C5: 2 | D5: 2 | E5: 2 | F5: 2 | G5: 2 | H5: 2 | I5: 2 | J5: 2 | K5: X | L5: 2 | M5: 2 | N5: 2 | O5: 2 | P5: 2 | Q5: 2 | R5: 2 | S5: 2 | T5: 2 | U5: 2
A6: =Partidos!A6&"-"&Partidos!B6&LEFT("...............",25-LEN(Partidos!A6&"-"&Partidos!B6))&(ROW()-1) -> Valencia-R. Sociedad.....5 | B6: 1 | C6: 1 | D6: X | E6: X | F6: X | G6: 2 | H6: 2 | I6: 2 | J6: 1 | K6: 1 | L6: 1 | M6: 1 | N6: 1 | O6: 2 | P6: 1 | Q6: X | R6: 1 | S6: 1 | T6: X | U6: 1
A7: =Partidos!A7&"-"&Partidos!B7&LEFT("...............",25-LEN(Partidos!A7&"-"&Partidos!B7))&(ROW()-1) -> Celta-Getafe.............6 | B7: 1 | C7: 1 | D7: 1 | E7: 1 | F7: X | G7: 1 | H7: 1 | I7: X | J7: 1 | K7: X | L7: 1 | M7: X | N7: 1 | O7: 1 | P7: 1 | Q7: 1 | R7: 1 | S7: 1 | T7: 1 | U7: 1
A8: =Partidos!A8&"-"&Partidos!B8&LEFT("...............",25-LEN(Partidos!A8&"-"&Partidos!B8))&(ROW()-1) -> Athletic Club-Sevilla....7 | B8: 1 | C8: 1 | D8: 1 | E8: 1 | F8: 1 | G8: 1 | H8: 1 | I8: 1 | J8: 1 | K8: 1 | L8: X | M8: 1 | N8: 1 | O8: 1 | P8: X | Q8: 1 | R8: 1 | S8: 1 | T8: 1 | U8: 1
A9: =Partidos!A9&"-"&Partidos!B9&LEFT("...............",25-LEN(Partidos!A9&"-"&Partidos!B9))&(ROW()-1) -> Espanyol-At.Madrid.......8 | B9: 2 | C9: 2 | D9: 2 | E9: 2 | F9: 2 | G9: 2 | H9: 2 | I9: 2 | J9: 2 | K9: X | L9: 2 | M9: 2 | N9: 2 | O9: 2 | P9: 2 | Q9: 2 | R9: 2 | S9: 2 | T9: 1 | U9: 2
A10: =Partidos!A10&"-"&Partidos!B10&LEFT("...............",25-LEN(Partidos!A10&"-"&Partidos!B10))&(ROW()-1) -> Racing-Castellon.........9 | B10: 1 | C10: 1 | D10: 1 | E10: 1 | F10: 1 | G10: 1 | H10: 1 | I10: 1 | J10: 1 | K10: 1 | L10: 1 | M10: 1 | N10: 1 | O10: 1 | P10: X | Q10: X | R10: 1 | S10: 1 | T10: 1 | U10: 1
A11: =Partidos!A11&"-"&Partidos!B11&LEFT("...............",25-LEN(Partidos!A11&"-"&Partidos!B11))&(ROW()-1) -> Malaga-Eibar.............10 | B11: X | C11: X | D11: 2 | E11: X | F11: 1 | G11: X | H11: X | I11: 2 | J11: X | K11: 2 | L11: 1 | M11: 1 | N11: 1 | O11: X | P11: 1 | Q11: 2 | R11: 1 | S11: X | T11: 2 | U11: X | V11: 2
A12: =Partidos!A12&"-"&Partidos!B12&LEFT("...............",25-LEN(Partidos!A12&"-"&Partidos!B12))&(ROW()-1) -> Granada-Deportivo........11 | B12: 1 | C12: X | D12: 1 | E12: 1 | F12: 1 | G12: 1 | H12: X | I12: 1 | J12: 1 | K12: X | L12: X | M12: 2 | N12: X | O12: 2 | P12: X | Q12: 1 | R12: X | S12: 1 | T12: 1 | U12: X
A13: =Partidos!A13&"-"&Partidos!B13&LEFT("...............",25-LEN(Partidos!A13&"-"&Partidos!B13))&(ROW()-1) -> Cádiz-Mirandés...........12 | B13: 2 | C13: 1 | D13: 1 | E13: 1 | F13: 1 | G13: 1 | H13: 1 | I13: 1 | J13: 1 | K13: 1 | L13: 1 | M13: 1 | N13: 2 | O13: 1 | P13: 1 | Q13: X | R13: 1 | S13: 1 | T13: 1 | U13: 1
A14: =Partidos!A14&"-"&Partidos!B14&LEFT("...............",25-LEN(Partidos!A14&"-"&Partidos!B14))&(ROW()-1) -> Huesca-Leganés...........13 | B14: 2 | C14: X | D14: X | E14: 2 | F14: 1 | G14: X | H14: 2 | I14: X | J14: 1 | K14: X | L14: 2 | M14: 1 | N14: X | O14: 1 | P14: 1 | Q14: 2 | R14: X | S14: 2 | T14: 2 | U14: X | V14: 2
A15: =Partidos!A15&"-"&Partidos!B15&LEFT("...................",25-LEN(Partidos!A15&"-"&Partidos!B15))&(ROW()-1) -> Las Palmas-Andorra.......14 | B15: 1 | C15: 1 | D15: 1 | E15: 1 | F15: 1 | G15: 1 | H15: 1 | I15: 1 | J15: 1 | K15: X | L15: 1 | M15: 1 | N15: 1 | O15: X | P15: 1 | Q15: 1 | R15: 1 | S15: 1 | T15: 1 | U15: 1
A17: =Partidos!A16&"-"&Partidos!B16&LEFT("...............",25-LEN(Partidos!A16&"-"&Partidos!B16))&(ROW()-2) -> Elche-Betis..............15 | U17: 0 | V17: 2
A19: Resultados | B19: =SUM(B23:B38) -> 6 | C19: =SUM(C23:C38) -> 8 | D19: =SUM(D23:D38) -> 7 | E19: =SUM(E23:E38) -> 7 | F19: =SUM(F23:F38) -> 8 | G19: =SUM(G23:G38) -> 7 | H19: =SUM(H23:H38) -> 8 | I19: =SUM(I23:I38) -> 7 | ... T19: =SUM(T23:T38) -> 7 | U19: =SUM(U23:V38) -> 8 | W19: =SUM(W23:X38) -> 0 | Y19: =SUM(Y23:Z38) -> 0
A20: Nº de unos | B20: =IF(COUNTIF(B2:B15,1)=10,"+0,10",IF(COUNTIF(B2:B15,1)=11,"+0,20",IF(COUNTIF(B2:B15,1)=12,"+0,30",IF(COUNTIF(B2:B15,1)=13,"+0,40",IF(COUNTIF(B2:B15,1)=14,"+0,50",COUNTIF(B2:B15,1)))))) -> 7 | C20: =IF(COUNTIF(C2:C15,1)=10,"+0,10",IF(COUNTIF(C2:C15,1)=11,"+0,20",IF(COUNTIF(C2:C15,1)=12,"+0,30",IF(COUNTIF(C2:C15,1)=13,"+0,40",IF(COUNTIF(C2:C15,1)=14,"+0,50",COUNTIF(C2:C15,1)))))) -> 9 | D20: =IF(COUNTIF(D2:D15,1)=10,"+0,10",IF(COUNTIF(D2:D15,1)=11,"+0,20",IF(COUNTIF(D2:D15,1)=12,"+0,30",IF(COUNTIF(D2:D15,1)=13,"+0,40",IF(COUNTIF(D2:D15,1)=14,"+0,50",COUNTIF(D2:D15,1)))))) -> 8 | E20: =IF(COUNTIF(E2:E15,1)=10,"+0,10",IF(COUNTIF(E2:E15,1)=11,"+0,20",IF(COUNTIF(E2:E15,1)=12,"+0,30",IF(COUNTIF(E2:E15,1)=13,"+0,40",IF(COUNTIF(E2:E15,1)=14,"+0,50",COUNTIF(E2:E15,1)))))) -> 8 | F20: =IF(COUNTIF(F2:F15,1)=10,"+0,10",IF(COUNTIF(F2:F15,1)=11,"+0,20",IF(COUNTIF(F2:F15,1)=12,"+0,30",IF(COUNTIF(F2:F15,1)=13,"+0,40",IF(COUNTIF(F2:F15,1)=14,"+0,50",COUNTIF(F2:F15,1)))))) -> 9 | G20: =IF(COUNTIF(G2:G15,1)=10,"+0,10",IF(COUNTIF(G2:G15,1)=11,"+0,20",IF(COUNTIF(G2:G15,1)=12,"+0,30",IF(COUNTIF(G2:G15,1)=13,"+0,40",IF(COUNTIF(G2:G15,1)=14,"+0,50",COUNTIF(G2:G15,1)))))) -> 8 | H20: =IF(COUNTIF(H2:H15,1)=10,"+0,10",IF(COUNTIF(H2:H15,1)=11,"+0,20",IF(COUNTIF(H2:H15,1)=12,"+0,30",IF(COUNTIF(H2:H15,1)=13,"+0,40",IF(COUNTIF(H2:H15,1)=14,"+0,50",COUNTIF(H2:H15,1)))))) -> 7 | I20: =IF(COUNTIF(I2:I15,1)=10,"+0,10",IF(COUNTIF(I2:I15,1)=11,"+0,20",IF(COUNTIF(I2:I15,1)=12,"+0,30",IF(COUNTIF(I2:I15,1)=13,"+0,40",IF(COUNTIF(I2:I15,1)=14,"+0,50",COUNTIF(I2:I15,1)))))) -> 8 | ... Q20: =IF(COUNTIF(Q2:Q15,1)=10,"+0,10",IF(COUNTIF(Q2:Q15,1)=11,"+0,20",IF(COUNTIF(Q2:Q15,1)=12,"+0,30",IF(COUNTIF(Q2:Q15,1)=13,"+0,40",IF(COUNTIF(Q2:Q15,1)=14,"+0,50",COUNTIF(Q2:Q15,1)))))) -> 6 | R20: =IF(COUNTIF(R1:R15,1)=10,"+0,10",IF(COUNTIF(R1:R15,1)=11,"+0,20",IF(COUNTIF(R1:R15,1)=12,"+0,30",IF(COUNTIF(R1:R15,1)=13,"+0,40",IF(COUNTIF(R1:R15,1)=14,"+0,50",COUNTIF(R1:R15,1)))))) -> 9 | S20: =IF(COUNTIF(S2:S15,1)=10,"+0,10",IF(COUNTIF(S2:S15,1)=11,"+0,20",IF(COUNTIF(S2:S15,1)=12,"+0,30",IF(COUNTIF(S2:S15,1)=13,"+0,40",IF(COUNTIF(S2:S15,1)=14,"+0,50",COUNTIF(S2:S15,1)))))) -> 9 | T20: =IF(COUNTIF(T2:T15,1)=10,"+0,10",IF(COUNTIF(T2:T15,1)=11,"+0,20",IF(COUNTIF(T2:T15,1)=12,"+0,30",IF(COUNTIF(T2:T15,1)=13,"+0,40",IF(COUNTIF(T2:T15,1)=14,"+0,50",COUNTIF(T2:T15,1)))))) -> 9
B23: =IF(B2="","",IF(B2=Partidos!$C2,1,0)) -> 1 | C23: =IF(C2="","",IF(C2=Partidos!$C2,1,0)) -> 0 | D23: =IF(D2="","",IF(D2=Partidos!$C2,1,0)) -> 0 | E23: =IF(E2="","",IF(E2=Partidos!$C2,1,0)) -> 0 | F23: =IF(F2="","",IF(F2=Partidos!$C2,1,0)) -> 1 | G23: =IF(G2="","",IF(G2=Partidos!$C2,1,0)) -> 0 | H23: =IF(H2="","",IF(H2=Partidos!$C2,1,0)) -> 1 | I23: =IF(I2="","",IF(I2=Partidos!$C2,1,0)) -> 0 | ... V23: =IF(V2="","",IF(V2=Partidos!$C2,1,0)) -> 0
B24: =IF(B3="","",IF(B3=Partidos!$C3,1,0)) -> 1 | C24: =IF(C3="","",IF(C3=Partidos!$C3,1,0)) -> 1 | D24: =IF(D3="","",IF(D3=Partidos!$C3,1,0)) -> 1 | E24: =IF(E3="","",IF(E3=Partidos!$C3,1,0)) -> 1 | F24: =IF(F3="","",IF(F3=Partidos!$C3,1,0)) -> 1 | G24: =IF(G3="","",IF(G3=Partidos!$C3,1,0)) -> 1 | H24: =IF(H3="","",IF(H3=Partidos!$C3,1,0)) -> 1 | I24: =IF(I3="","",IF(I3=Partidos!$C3,1,0)) -> 1 | ... V24: =IF(V3="","",IF(V3=Partidos!$C3,1,0))
B25: =IF(B4="","",IF(B4=Partidos!$C4,1,0)) -> 0 | C25: =IF(C4="","",IF(C4=Partidos!$C4,1,0)) -> 1 | D25: =IF(D4="","",IF(D4=Partidos!$C4,1,0)) -> 0 | E25: =IF(E4="","",IF(E4=Partidos!$C4,1,0)) -> 0 | F25: =IF(F4="","",IF(F4=Partidos!$C4,1,0)) -> 1 | G25: =IF(G4="","",IF(G4=Partidos!$C4,1,0)) -> 0 | H25: =IF(H4="","",IF(H4=Partidos!$C4,1,0)) -> 1 | I25: =IF(I4="","",IF(I4=Partidos!$C4,1,0)) -> 1 | ... V25: =IF(V4="","",IF(V4=Partidos!$C4,1,0)) -> 0
B26: =IF(B5="","",IF(B5=Partidos!$C5,1,0)) -> 1 | C26: =IF(C5="","",IF(C5=Partidos!$C5,1,0)) -> 1 | D26: =IF(D5="","",IF(D5=Partidos!$C5,1,0)) -> 1 | E26: =IF(E5="","",IF(E5=Partidos!$C5,1,0)) -> 1 | F26: =IF(F5="","",IF(F5=Partidos!$C5,1,0)) -> 1 | G26: =IF(G5="","",IF(G5=Partidos!$C5,1,0)) -> 1 | H26: =IF(H5="","",IF(H5=Partidos!$C5,1,0)) -> 1 | I26: =IF(I5="","",IF(I5=Partidos!$C5,1,0)) -> 1 | ... V26: =IF(V5="","",IF(V5=Partidos!$C5,1,0))
B27: =IF(B6="","",IF(B6=Partidos!$C6,1,0)) -> 0 | C27: =IF(C6="","",IF(C6=Partidos!$C6,1,0)) -> 0 | D27: =IF(D6="","",IF(D6=Partidos!$C6,1,0)) -> 1 | E27: =IF(E6="","",IF(E6=Partidos!$C6,1,0)) -> 1 | F27: =IF(F6="","",IF(F6=Partidos!$C6,1,0)) -> 1 | G27: =IF(G6="","",IF(G6=Partidos!$C6,1,0)) -> 0 | H27: =IF(H6="","",IF(H6=Partidos!$C6,1,0)) -> 0 | I27: =IF(I6="","",IF(I6=Partidos!$C6,1,0)) -> 0 | ... V27: =IF(V6="","",IF(V6=Partidos!$C6,1,0))
B28: =IF(B7="","",IF(B7=Partidos!$C7,1,0)) -> 0 | C28: =IF(C7="","",IF(C7=Partidos!$C7,1,0)) -> 0 | D28: =IF(D7="","",IF(D7=Partidos!$C7,1,0)) -> 0 | E28: =IF(E7="","",IF(E7=Partidos!$C7,1,0)) -> 0 | F28: =IF(F7="","",IF(F7=Partidos!$C7,1,0)) -> 0 | G28: =IF(G7="","",IF(G7=Partidos!$C7,1,0)) -> 0 | H28: =IF(H7="","",IF(H7=Partidos!$C7,1,0)) -> 0 | I28: =IF(I7="","",IF(I7=Partidos!$C7,1,0)) -> 0 | ... V28: =IF(V7="","",IF(V7=Partidos!$C7,1,0))
B29: =IF(B8="","",IF(B8=Partidos!$C8,1,0)) -> 1 | C29: =IF(C8="","",IF(C8=Partidos!$C8,1,0)) -> 1 | D29: =IF(D8="","",IF(D8=Partidos!$C8,1,0)) -> 1 | E29: =IF(E8="","",IF(E8=Partidos!$C8,1,0)) -> 1 | F29: =IF(F8="","",IF(F8=Partidos!$C8,1,0)) -> 1 | G29: =IF(G8="","",IF(G8=Partidos!$C8,1,0)) -> 1 | H29: =IF(H8="","",IF(H8=Partidos!$C8,1,0)) -> 1 | I29: =IF(I8="","",IF(I8=Partidos!$C8,1,0)) -> 1 | ... V29: =IF(V8="","",IF(V8=Partidos!$C8,1,0))
B30: =IF(B9="","",IF(B9=Partidos!$C9,1,0)) -> 0 | C30: =IF(C9="","",IF(C9=Partidos!$C9,1,0)) -> 0 | D30: =IF(D9="","",IF(D9=Partidos!$C9,1,0)) -> 0 | E30: =IF(E9="","",IF(E9=Partidos!$C9,1,0)) -> 0 | F30: =IF(F9="","",IF(F9=Partidos!$C9,1,0)) -> 0 | G30: =IF(G9="","",IF(G9=Partidos!$C9,1,0)) -> 0 | H30: =IF(H9="","",IF(H9=Partidos!$C9,1,0)) -> 0 | I30: =IF(I9="","",IF(I9=Partidos!$C9,1,0)) -> 0 | ... V30: =IF(V9="","",IF(V9=Partidos!$C9,1,0))
B31: =IF(B10="","",IF(B10=Partidos!$C10,1,0)) -> 1 | C31: =IF(C10="","",IF(C10=Partidos!$C10,1,0)) -> 1 | D31: =IF(D10="","",IF(D10=Partidos!$C10,1,0)) -> 1 | E31: =IF(E10="","",IF(E10=Partidos!$C10,1,0)) -> 1 | F31: =IF(F10="","",IF(F10=Partidos!$C10,1,0)) -> 1 | G31: =IF(G10="","",IF(G10=Partidos!$C10,1,0)) -> 1 | H31: =IF(H10="","",IF(H10=Partidos!$C10,1,0)) -> 1 | I31: =IF(I10="","",IF(I10=Partidos!$C10,1,0)) -> 1 | ... V31: =IF(V10="","",IF(V10=Partidos!$C10,1,0))
B32: =IF(B11="","",IF(B11=Partidos!$C11,1,0)) -> 1 | C32: =IF(C11="","",IF(C11=Partidos!$C11,1,0)) -> 1 | D32: =IF(D11="","",IF(D11=Partidos!$C11,1,0)) -> 0 | E32: =IF(E11="","",IF(E11=Partidos!$C11,1,0)) -> 1 | F32: =IF(F11="","",IF(F11=Partidos!$C11,1,0)) -> 0 | G32: =IF(G11="","",IF(G11=Partidos!$C11,1,0)) -> 1 | H32: =IF(H11="","",IF(H11=Partidos!$C11,1,0)) -> 1 | I32: =IF(I11="","",IF(I11=Partidos!$C11,1,0)) -> 0 | ... V32: =IF(V11="","",IF(V11=Partidos!$C11,1,0)) -> 0
B33: =IF(B12="","",IF(B12=Partidos!$C12,1,0)) -> 0 | C33: =IF(C12="","",IF(C12=Partidos!$C12,1,0)) -> 0 | D33: =IF(D12="","",IF(D12=Partidos!$C12,1,0)) -> 0 | E33: =IF(E12="","",IF(E12=Partidos!$C12,1,0)) -> 0 | F33: =IF(F12="","",IF(F12=Partidos!$C12,1,0)) -> 0 | G33: =IF(G12="","",IF(G12=Partidos!$C12,1,0)) -> 0 | H33: =IF(H12="","",IF(H12=Partidos!$C12,1,0)) -> 0 | I33: =IF(I12="","",IF(I12=Partidos!$C12,1,0)) -> 0 | ... V33: =IF(V12="","",IF(V12=Partidos!$C12,1,0))
B34: =IF(B13="","",IF(B13=Partidos!$C13,1,0)) -> 0 | C34: =IF(C13="","",IF(C13=Partidos!$C13,1,0)) -> 1 | D34: =IF(D13="","",IF(D13=Partidos!$C13,1,0)) -> 1 | E34: =IF(E13="","",IF(E13=Partidos!$C13,1,0)) -> 1 | F34: =IF(F13="","",IF(F13=Partidos!$C13,1,0)) -> 1 | G34: =IF(G13="","",IF(G13=Partidos!$C13,1,0)) -> 1 | H34: =IF(H13="","",IF(H13=Partidos!$C13,1,0)) -> 1 | I34: =IF(I13="","",IF(I13=Partidos!$C13,1,0)) -> 1 | ... V34: =IF(V13="","",IF(V13=Partidos!$C13,1,0))
... B36: =IF(B15="","",IF(B15=Partidos!$C15,1,0)) -> 0 | C36: =IF(C15="","",IF(C15=Partidos!$C15,1,0)) -> 0 | D36: =IF(D15="","",IF(D15=Partidos!$C15,1,0)) -> 0 | E36: =IF(E15="","",IF(E15=Partidos!$C15,1,0)) -> 0 | F36: =IF(F15="","",IF(F15=Partidos!$C15,1,0)) -> 0 | G36: =IF(G15="","",IF(G15=Partidos!$C15,1,0)) -> 0 | H36: =IF(H15="","",IF(H15=Partidos!$C15,1,0)) -> 0 | I36: =IF(I15="","",IF(I15=Partidos!$C15,1,0)) -> 0 | ... V36: =IF(V15="","",IF(V15=Partidos!$C15,1,0))

Sheet Partidos
A1: EQUIPO 1 | B1: EQUIPO 2 | C1: RESULTADO
A2: Girona | B2: R.Vallecano | C2: 2
A3: Villarreal | B3: Oviedo | C3: 1
A4: Alavés | B4: Levante | C4: 1
A5: Mallorca | B5: Barcelona | C5: 2
A6: Valencia | B6: R. Sociedad | C6: X
A7: Celta | B7: Getafe | C7: 2
A8: Athletic Club | B8: Sevilla | C8: 1
A9: Espanyol | B9: At.Madrid | C9: 1
A10: Racing | B10: Castellon | C10: 1
A11: Malaga | B11: Eibar | C11: X
A12: Granada | B12: Deportivo | C12: 2
A13: Cádiz | B13: Mirandés | C13: 1
A14: Huesca | B14: Leganés | C14: X
A15: Las Palmas | B15: Andorra | C15: X
A16: Elche | B16: Betis
